{
  "timestamp": 1780299026.777881,
  "quality_signal": 0.6359629914987439,
  "coupling_score": 0.017587939698492462,
  "cycle_count": 0,
  "god_file_count": 1,
  "hotspot_count": 0,
  "complex_fn_count": 3,
  "max_depth": 8,
  "total_import_edges": 398,
  "cross_module_edges": 336
}