{
  "timestamp": 1779743350.038516,
  "quality_signal": 0.6387949429871581,
  "coupling_score": 0.01592356687898089,
  "cycle_count": 0,
  "god_file_count": 1,
  "hotspot_count": 0,
  "complex_fn_count": 1,
  "max_depth": 8,
  "total_import_edges": 314,
  "cross_module_edges": 283
}