{
  "timestamp": 1779569404.687637,
  "quality_signal": 0.6355737779719484,
  "coupling_score": 0.021739130434782608,
  "cycle_count": 0,
  "god_file_count": 0,
  "hotspot_count": 0,
  "complex_fn_count": 9,
  "max_depth": 5,
  "total_import_edges": 92,
  "cross_module_edges": 88
}