{
  "timestamp": 1780059250.577831,
  "quality_signal": 0.6352919419120592,
  "coupling_score": 0.014450867052023121,
  "cycle_count": 0,
  "god_file_count": 1,
  "hotspot_count": 0,
  "complex_fn_count": 2,
  "max_depth": 8,
  "total_import_edges": 346,
  "cross_module_edges": 314
}